{
	"format_version": "1.8.0",
	"animations": {
		"idle": {
			"animation_length": 5,
			"bones": {
				"right_arm": {
					"rotation": {
						"0.0": [2.49762, -0.10901, 9.99762],
						"1.25": [2.41492, -0.64686, 22.48637]
					}
				},
				"right_forearm": {
					"rotation": {
						"0.0": [-5.00094, -0.60982, -7.4752],
						"1.6333": [-40.00094, -0.60982, -7.4752]
					}
				},
				"right_hand": {
					"rotation": [0, 0, -12.5]
				},
				"right_shouzhi1_1": {
					"rotation": {
						"0.0": [-2.5, 0, 0],
						"1.7333": [-2.22549, -1.12909, -26.87383]
					}
				},
				"right_shouzhi1_2": {
					"rotation": {
						"0.0": [0, 0, -7.5],
						"1.5167": [0, 0, -35]
					}
				},
				"right_leg": {
					"rotation": [0, 0, 5],
					"position": {
						"0.0": [0, 0, 7],
						"1.2667": [0, 0, -1]
					}
				},
				"right_shouzhi1_3": {
					"rotation": {
						"0.0": [0, 0, -22.5],
						"1.7333": [0, 0, -20]
					}
				},
				"right_shouzhi2_1": {
					"rotation": [2.5, 0, -5]
				},
				"right_shouzhi2_2": {
					"rotation": [0, 0, -37.5]
				},
				"right_shouzhi2_3": {
					"rotation": {
						"0.0": [0, 0, -40],
						"1.5167": [0, 0, -120]
					}
				},
				"right_shouzhi3_1": {
					"rotation": {
						"0.0": [7.5, 0, -12.5],
						"1.5167": [6.93488, 2.86313, -34.82648]
					}
				},
				"right_shouzhi3_2": {
					"rotation": [0, 0, -60]
				},
				"right_shouzhi3_3": {
					"rotation": [0, 0, -55]
				},
				"right_shouzhi4_1": {
					"rotation": [-7.92283, -24.80622, -13.94632]
				},
				"right_shouzhi4_2": {
					"rotation": {
						"0.0": [27.5, 0, 0],
						"1.5167": [50, 0, 0]
					}
				},
				"right_foreleg": {
					"rotation": [0, 0, 0]
				},
				"left_leg": {
					"rotation": [0, 0, -7.5],
					"position": {
						"0.0": [0, -5, 8],
						"1.2667": [0, 0, 0]
					}
				},
				"left_foreleg": {
					"rotation": {
						"0.0": [37.5, 0, 0],
						"1.2667": [2.5, 0, 0]
					}
				},
				"left_arm": {
					"rotation": {
						"0.0": [2.49762, 0.10901, -9.99762],
						"1.5": [-127.13437, -18.16222, 3.35958],
						"1.8333": [-146.53971, -26.86481, 16.36767]
					}
				},
				"left_forearm": {
					"rotation": {
						"0.0": [-5.00094, 0.60982, 7.4752],
						"1.9833": [-4.49271, 2.28179, 27.41231],
						"4.0": [-4.75141, 1.67656, 19.93227]
					}
				},
				"left_hand": {
					"rotation": {
						"0.0": [0, 0, 12.5],
						"4.0": [13.9042, 5.68422, -9.30633]
					}
				},
				"left_shouzhi1_1": {
					"rotation": [-2.5, 0, 0]
				},
				"left_shouzhi1_2": {
					"rotation": [0, 0, 7.5]
				},
				"left_shouzhi1_3": {
					"rotation": [0, 0, 22.5]
				},
				"left_shouzhi2_1": {
					"rotation": [2.5, 0, 5]
				},
				"left_shouzhi2_2": {
					"rotation": [0, 0, 37.5]
				},
				"left_shouzhi2_3": {
					"rotation": [0, 0, 40]
				},
				"left_shouzhi3_1": {
					"rotation": [7.5, 0, 12.5]
				},
				"left_shouzhi3_2": {
					"rotation": [0, 0, 60]
				},
				"left_shouzhi3_3": {
					"rotation": [0, 0, 55]
				},
				"left_shouzhi4_1": {
					"rotation": [-7.92283, 24.80622, 13.94632]
				},
				"left_shouzhi4_2": {
					"rotation": [27.5, 0, 0]
				},
				"wei_ba": {
					"rotation": [35, 0, 0]
				},
				"wei_ba1": {
					"rotation": [-65, 0, 0]
				},
				"wei_ba2": {
					"rotation": [60, 0, 0]
				},
				"wei_ba3": {
					"rotation": [-32.5, 0, 0]
				},
				"wei_ba4": {
					"rotation": [35, 0, 0]
				},
				"wei_ba5": {
					"rotation": [-65, 0, 0]
				},
				"wei_ba6": {
					"rotation": [60, 0, 0]
				},
				"wei_ba7": {
					"rotation": [-32.5, 0, 0]
				},
				"wing1": {
					"rotation": {
						"0.0": [0, -45, 0],
						"0.5": [0, -60, 0],
						"1.2333": [0, -55, 0],
						"2.0": [0, -35, 0],
						"4.9833": [0, -45, 0]
					}
				},
				"wing2": {
					"rotation": {
						"0.0": [0, 45, 0],
						"0.5": [0, 60, 0],
						"1.2333": [0, 52.5, 0],
						"2.0": [0, 32.5, 0],
						"4.9833": [0, 45, 0]
					}
				},
				"waist": {
					"rotation": {
						"0.0": [32.5, 0, 0],
						"1.2667": [2.5, 0, 0]
					},
					"position": {
						"0.0": [0, -3, -3],
						"1.2667": [0, -3, -1]
					}
				},
				"head": {
					"rotation": {
						"0.0": [0, 0, 0],
						"1.85": [-27.5, 0, 0]
					}
				},
				"yu_mao1": {
					"rotation": {
						"0.0": [0, 0, 0],
						"1.5": [24.83045, -1.29256, 14.94548]
					},
					"position": {
						"0.0": [0, 0, 0],
						"1.5": [0, 4, 2]
					}
				},
				"yu_mao2": {
					"rotation": {
						"0.0": [0, 0, 0],
						"1.5": [32.5, 0, -12.5]
					},
					"position": {
						"0.0": [0, 0, 0],
						"1.5": [0, 5, 8]
					}
				},
				"left_foot": {
					"rotation": {
						"0.0": [-40, 0, 0],
						"1.2667": [-2.5, 0, 0]
					}
				}
			}
		}
	}
}